Organelle,SampleB,SampleD,SampleF,SampleH,SampleJ,mean_perf
Cytoplasm,72.22222222222221,63.888888888888886,80.55555555555556,58.333333333333336,83.33333333333333,71.66666666666666
Cytoskeleton,36.11111111111111,75,55.55555555555556,63.888888888888886,55.55555555555556,57.22222222222223
Endoplasmic Reticulum,63.888888888888886,72.22222222222221,69.44444444444444,72.22222222222221,77.77777777777777,71.11111111111111
Mitochondria,50,47.22222222222222,50,61.111111111111114,58.333333333333336,53.333333333333336
Nucleus,91.66666666666667,80.55555555555556,83.33333333333333,72.22222222222221,80.55555555555556,81.66666666666666
Plasma membrane,41.66666666666667,5.555555555555556,19.444444444444443,11.111111111111112,41.666666666666664,23.888888888888893
Postsynapse,30.555555555555557,36.11111111111111,30.555555555555557,22.222222222222225,5.555555555555556,25
Presynapse,25,22.222222222222225,22.222222222222225,22.222222222222225,27.77777777777778,23.888888888888893
