Organelle,SampleA,SampleC,SampleE,SampleG,SampleI,mean_perf
Cytoplasm,72.22222222222221,80.55555555555556,88.88888888888889,77.77777777777779,72.22222222222221,78.33333333333334
Cytoskeleton,66.66666666666666,63.888888888888886,44.44444444444444,72.22222222222221,72.22222222222221,63.88888888888889
Endoplasmic Reticulum,55.55555555555556,69.44444444444444,69.44444444444444,55.55555555555556,63.888888888888886,62.777777777777786
Mitochondria,50,55.55555555555556,50,50,52.77777777777778,51.666666666666664
Nucleus,77.77777777777777,80.55555555555556,86.11111111111111,86.11111111111111,86.11111111111111,83.33333333333333
Plasma membrane,19.444444444444443,22.222222222222225,30.555555555555557,27.77777777777778,13.88888888888889,22.77777777777778
Postsynapse,27.77777777777778,22.222222222222225,25,50,8.333333333333332,26.666666666666668
Presynapse,27.77777777777778,27.77777777777778,27.77777777777778,41.666666666666664,25,30
